submission_cuid,submission,assignment_cuid,student_cuid
cmfpr6hdx000xxktoq4yzq87z,Defluo solutio spes facilis pecus aperte ante despecto. Theologus catena approbo velum temperantia contabesco aegre tumultus cernuus conatus. Terra vesco earum depraedor voluptate animus cura vicinus vitium suggero.,cmfpr6gtw000pxktoqnb7ckqv,cmfpr6gfi000kxktocgwv41lm
cmfpr6hgt000yxktogouvdf2n,Sonitus supellex abbas volup temptatio peior tyrannus suppellex. Venustas cupiditate occaecati timor caste terga recusandae abstergo acies solium. Advoco vinum asper.,cmfpr6gtw000pxktoqnb7ckqv,cmfpr6gnx000nxktosvgprgor
cmfpr6hju000zxkto086d6pxt,Voluptas audacia varius. Cometes aliquid complectus basium tutamen cauda. Accusantium verus conservo argumentum conservo tempora.,cmfpr6gtw000pxktoqnb7ckqv,cmfpr6fo2000bxktoeiw16z83
cmfpr6hmv0010xktoroburrm0,Cubitum agnitio uberrime creta vigor cinis adaugeo quaerat. Audax claudeo summopere. Fugiat voluptatibus necessitatibus cavus temperantia inventore angelus vulgivagus conqueror terga.,cmfpr6gtw000pxktoqnb7ckqv,cmfpr6gif000lxktot61rpkkw
cmfpr6hpp0011xktorinolu8h,Desolo abscido charisma circumvenio auctor capillus umbra bibo approbo tamisium. Comitatus aliqua ara. Cognomen allatus caecus sophismata acer validus.,cmfpr6gtw000pxktoqnb7ckqv,cmfpr6fbn0007xktoeypnqnxh
cmfpr6hsr0012xktogkw424u7,Degero uxor talus speciosus ut magnam est. Urbanus vester cariosus terminatio uberrime omnis antiquus utilis tantum. Coma cubicularis consequatur voluptates tumultus tunc peior confero ipsam ustilo.,cmfpr6gtw000pxktoqnb7ckqv,cmfpr6fuy000dxkto2r7yt4z2
cmfpr6hvl0013xktoe4hd2qy6,Suasoria carmen soluta cibus. Vulpes advenio cohaero vilitas. Appono conservo appello coma amplitudo error surculus dapifer ver arbustum.,cmfpr6gtw000pxktoqnb7ckqv,cmfpr6g3j000gxktoxfe20ab9
cmfpr6hyf0014xktop83hrn5h,Nesciunt tutamen alioqui adficio culpa creo pax demoror adipisci cogo. Admoneo debeo vado perferendis hic. Demonstro depromo compello.,cmfpr6gtw000pxktoqnb7ckqv,cmfpr6g9e000ixktostkk70pb
cmfpr6igy001bxktoqvo2pe70,Vilis turpis canonicus utrimque ad. Pectus caveo concedo animi tandem illum. Advenio sed versus suadeo quos.,cmfpr6gw2000qxktozqdsfo89,cmfpr6gif000lxktot61rpkkw
cmfpr6ik2001cxktoflgm44em,Neque maiores defero conservo nemo victoria vitium quaerat aperte vallum. Voluptatibus coniuratio bene administratio uter collum cumque tenax natus. Suadeo defleo utique cedo carpo tum adhaero aspicio demo.,cmfpr6gw2000qxktozqdsfo89,cmfpr6g3j000gxktoxfe20ab9
cmfpr6imp001dxktomhlpckh7,Canto abduco copiose coaegresco circumvenio veritatis triduana tredecim vix iusto. Ventosus vulticulus peior clementia subseco alveus cupio. Decor alienus acervus.,cmfpr6gw2000qxktozqdsfo89,cmfpr6g9e000ixktostkk70pb
cmfpr6ipq001exkto59su30ww,Triumphus suggero decet aveho demoror peior auctus adopto cetera. Aggero inventore arbustum cilicium aestus. Delibero cubitum subvenio suscipio tabella umbra.,cmfpr6gw2000qxktozqdsfo89,cmfpr6fbn0007xktoeypnqnxh
cmfpr6isq001fxktou4todsec,Laboriosam volutabrum harum. Vero sodalitas astrum abeo cito arbustum. Suppellex barba vestrum volo.,cmfpr6gw2000qxktozqdsfo89,cmfpr6gl6000mxktov0h3lxwh
cmfpr6ivi001gxktogaj2b9wa,Aut allatus debeo ancilla una tricesimus soleo cultura denique. Tergeo ambulo defluo. Collum despecto supra voluntarius.,cmfpr6gw2000qxktozqdsfo89,cmfpr6fo2000bxktoeiw16z83
cmfpr6iya001hxktowt34csk0,Rem vilitas vereor sodalitas admiratio ambulo. Teneo constans centum aranea deludo arx vulticulus repellat currus. Asporto commodo nesciunt vulgivagus varius.,cmfpr6gw2000qxktozqdsfo89,cmfpr6fuy000dxkto2r7yt4z2
cmfpr6j15001ixktoe507odr7,Cibo comprehendo venustas appello thalassinus crux. Curriculum defungo summisse civis veritatis curso adeptio laborum. Cervus curia defendo.,cmfpr6gw2000qxktozqdsfo89,cmfpr6gfi000kxktocgwv41lm
cmfpr6j5q001jxkto2mjig02m,Sapiente ventus currus combibo sunt terreo cuius. Validus capitulus terreo nulla ambulo. Aegrotatio cum tepesco vaco cibo viscus veniam dens atrocitas.,cmfpr6gw2000qxktozqdsfo89,cmfpr6gnx000nxktosvgprgor
cmfpr6j8u001kxkto0zn2q2cv,Copia succurro cometes. Comis valens appello ventosus torrens appositus. Cresco maiores totidem.,cmfpr6gw2000qxktozqdsfo89,cmfpr6gcd000jxktodhlf27ik
cmfpr6jp3001qxktotkuclhyq,Vehemens vix tabula ago avarus. Adicio iste congregatio supellex doloremque auxilium vivo absens thymum caelestis. Cognatus minima eos ocer somnus.,cmfpr6gyi000rxktotcljpsbl,cmfpr6gnx000nxktosvgprgor
cmfpr6jrx001rxkto7552u8rt,Vomito timor atrox catena sub adicio admoveo voco curso. Conspergo carpo arcus suspendo eaque tantum vorago. Stella audio curo amaritudo supplanto vociferor claudeo.,cmfpr6gyi000rxktotcljpsbl,cmfpr6gl6000mxktov0h3lxwh
cmfpr6jur001sxktoesfhxehm,Depraedor sodalitas delinquo commemoro audacia delectus denique ubi ventus. Nulla trepide vicinus cresco attonbitus arguo animi demoror. Vomer adimpleo subvenio summisse eius ademptio commodo demum.,cmfpr6gyi000rxktotcljpsbl,cmfpr6g9e000ixktostkk70pb
cmfpr6jxl001txktotbj3ri7g,Cado depraedor utilis facere comitatus. Vito nobis cavus canonicus suggero. Tenetur aetas thermae vomito atrox cubo.,cmfpr6gyi000rxktotcljpsbl,cmfpr6gfi000kxktocgwv41lm
cmfpr6k0g001uxktovn9jss7b,Perferendis calcar thorax voveo aetas virtus nostrum. Tutamen dapifer absum ter capillus spes tredecim sonitus centum. Creber casso utique pecco.,cmfpr6gyi000rxktotcljpsbl,cmfpr6gcd000jxktodhlf27ik
cmfpr6k3d001vxktopw09hszh,Arbitro vulgivagus sophismata. Depono odit cito suggero. Coerceo denuo aegre.,cmfpr6gyi000rxktotcljpsbl,cmfpr6fuy000dxkto2r7yt4z2
cmfpr6k6v001wxktos8kci02t,Bestia communis astrum. Conscendo conforto perferendis deludo adulescens vos. Cimentarius arguo aperio depraedor depereo curso testimonium.,cmfpr6gyi000rxktotcljpsbl,cmfpr6gif000lxktot61rpkkw
cmfpr6ki50020xktoi7jbe62z,Deserunt colligo iste benigne tamen casso calamitas. Admiratio validus ademptio currus. Sit tibi annus porro demum voluptatem paens.,cmfpr6h0o000sxktokb5aly62,cmfpr6gl6000mxktov0h3lxwh
cmfpr6kks0021xktokfazmzw9,Sophismata usus iure sulum surgo dolore atque assumenda. Ventosus maxime celo defaeco tenax bellum. Distinctio cometes traho vinculum vae subiungo delibero culpa.,cmfpr6h0o000sxktokb5aly62,cmfpr6g9e000ixktostkk70pb
cmfpr6knq0022xkto42fipali,Ascisco curso cura defero approbo iste accusamus communis architecto. Callide conscendo deficio utpote. Laboriosam tergiversatio audeo tepidus.,cmfpr6h0o000sxktokb5aly62,cmfpr6gnx000nxktosvgprgor
cmfpr6kqu0023xktos2g9zt7a,Vehemens ratione ultra aestus peccatus sollers ventus amaritudo coerceo tumultus. Auctor apto carbo vulnus alveus defero. Depromo curvo dedico vociferor.,cmfpr6h0o000sxktokb5aly62,cmfpr6gfi000kxktocgwv41lm
cmfpr6ktl0024xktoi0jano66,Tametsi stips cognomen conscendo blandior decerno corrumpo certus. Ter spero caput cultellus spargo calculus desolo culpa. Accusator vulnus amitto ipsum ratione defetiscor vita bene.,cmfpr6h0o000sxktokb5aly62,cmfpr6fo2000bxktoeiw16z83
cmfpr6lkj002dxktos9495oh0,Cubicularis studio tremo consequuntur totam accusantium tametsi conculco dolores. Harum territo quasi comes voluptate coaegresco laboriosam. Bestia autus ventosus.,cmfpr6kys0026xktogpfp0m26,cmfpr6fes0008xktoz7djau1v
cmfpr6lo5002exktowmcze3gl,Causa cognatus conicio derelinquo depulso adicio titulus barba ciminatio. Valde maxime ater apparatus sopor terreo architecto compello vulariter eius. Solvo vir amor patria repellendus nam adsum tredecim.,cmfpr6kys0026xktogpfp0m26,cmfpr6fbn0007xktoeypnqnxh
cmfpr6lr2002fxktouvbq13f2,Uberrime eos patrocinor ancilla. Stipes concido copia torqueo cognomen tot turbo quos adfectus. Carpo cenaculum aperio auctor dapifer curia tenetur.,cmfpr6kys0026xktogpfp0m26,cmfpr6frd000cxkto7hgp3ywy
cmfpr6lu5002gxktox569k0gz,Amicitia convoco vociferor vergo cattus vobis thalassinus. Cimentarius catena ulciscor spes thesis cedo. Vitae temeritas somniculosus dolore auctus.,cmfpr6kys0026xktogpfp0m26,cmfpr6fl4000axktouodmwltb
cmfpr6lxj002hxktogak8ayrr,Decor curto calculus delego tres. Tutamen dicta tamquam tactus bos complectus tribuo. Repellendus sollers depereo magni inventore nam.,cmfpr6kys0026xktogpfp0m26,cmfpr6g9e000ixktostkk70pb
cmfpr6mb9002mxktoqoe32t04,Absens urbs caveo. Aequitas acceptus uberrime crudelis architecto provident vigilo alius patrocinor. Suadeo amor certus natus sol patria argumentum.,cmfpr6kwk0025xktob3tzvv2u,cmfpr6fl4000axktouodmwltb
cmfpr6mds002nxktog1pmllun,Sono arbustum ager decumbo paens vitium vinco adaugeo facere. Autus collum damno temptatio. Adimpleo solvo tot sumo.,cmfpr6kwk0025xktob3tzvv2u,cmfpr6fbn0007xktoeypnqnxh
cmfpr6mgx002oxktok1szho37,Peccatus magni succurro depopulo distinctio calamitas ter impedit creber. Virtus aliqua terra deripio uterque vespillo damno veritatis. Voluptate vulgus id centum cogo adeo supra contego vicissitudo.,cmfpr6kwk0025xktob3tzvv2u,cmfpr6fxq000exktosp6ikbk0
cmfpr6mjq002pxkto2828jseq,Solus sono socius eum caterva antiquus animi tempora despecto creptio. Ultio talis amplus eius carbo. Impedit socius vinculum absque ait asporto viscus vester accusamus necessitatibus.,cmfpr6kwk0025xktob3tzvv2u,cmfpr6f5g0005xkto2h5xmwf4
cmfpr6mmm002qxkto0vflydk7,Demitto repellendus modi officiis necessitatibus. Desparatus talio peccatus. Aestivus ait speciosus beatae umbra traho enim tres.,cmfpr6kwk0025xktob3tzvv2u,cmfpr6g6i000hxktogsrnxezc
cmfpr6n6n002xxktoess29qqi,Rem constans speculum suffoco architecto desparatus vinculum acerbitas teneo. Velociter celer reprehenderit veniam fuga asporto cruentus canto. Summa cilicium canis uter tendo barba correptius cito deinde arbitro.,cmfpr6l0y0027xkto0pd3app3,cmfpr6g6i000hxktogsrnxezc
cmfpr6n9w002yxkto2i2ya656,Ad comes arca admoneo vulgo cogo. Iusto conqueror pariatur cavus vobis conqueror exercitationem aegre id. Depulso altus aestas pax angelus.,cmfpr6l0y0027xkto0pd3app3,cmfpr6fl4000axktouodmwltb
cmfpr6ndv002zxktoj4xq0bgn,Quis deporto aperiam suscipit allatus villa torqueo. Absens capio stultus damno amissio. Est hic depono admoveo venia canonicus verecundia.,cmfpr6l0y0027xkto0pd3app3,cmfpr6g9e000ixktostkk70pb
cmfpr6nh60030xktoo7349wvb,Corrigo adopto aperiam bibo suffoco autem sono custodia cupressus debilito. Absens vigor calcar. Truculenter textus pel cruciamentum ventosus clarus acer circumvenio accusator.,cmfpr6l0y0027xkto0pd3app3,cmfpr6fuy000dxkto2r7yt4z2
cmfpr6nkh0031xktozwie8cxg,Tego terror textor defleo vox summopere aspicio cribro cultellus calamitas. Volo speciosus theatrum acsi vorago studio. Aurum coadunatio earum adaugeo admoveo.,cmfpr6l0y0027xkto0pd3app3,cmfpr6frd000cxkto7hgp3ywy
cmfpr6nxt0035xktoag5hko6i,Carus copiose commemoro. Decerno attollo curiositas admoveo. Ad viriliter sustineo delectatio decumbo trans tantum clamo.,cmfpr6l370028xktonrhznq4i,cmfpr6frd000cxkto7hgp3ywy
cmfpr6o1c0036xktoadjr8brp,Curia suasoria verumtamen arbitro aiunt sol copia. Sunt conculco auxilium perspiciatis carpo deserunt. Libero verus vaco uberrime cupiditas trans taceo subseco arto.,cmfpr6l370028xktonrhznq4i,cmfpr6gif000lxktot61rpkkw
cmfpr6o4g0037xktobc49b26c,Dignissimos victoria carmen arcus quo admitto. Totus tenuis vesper bellum vivo explicabo. Curia vigilo bellicus aduro deorsum in thalassinus quod tempus absorbeo.,cmfpr6l370028xktonrhznq4i,cmfpr6fuy000dxkto2r7yt4z2
cmfpr6o780038xktoe95e84ds,Ipsum numquam repellendus crur defendo vapulus volup advenio unde. Vorago utilis conor solium appositus contra vero arcus tenuis. Tribuo curatio aliquid sunt suscipio.,cmfpr6l370028xktonrhznq4i,cmfpr6g9e000ixktostkk70pb
cmfpr6oaa0039xktojcvzsjpa,Verecundia cognomen magnam ultio surgo sapiente curvo soluta agnitio. Odit audax iusto stella tribuo. Clibanus crepusculum ancilla ciminatio vix.,cmfpr6l370028xktonrhznq4i,cmfpr6gqu000oxktomdcel4zh
cmfpr6odg003axktofjt2kyon,Cum vinum temperantia sperno. Addo suasoria patior adiuvo caveo ago. Verumtamen mollitia arma termes.,cmfpr6l370028xktonrhznq4i,cmfpr6fl4000axktouodmwltb
cmfpr6ogg003bxktofjem3g9q,Utrimque minus rem. Decumbo nesciunt suffragium terminatio est absconditus aeneus delego claustrum. Delinquo surculus supra alter ultra pariatur.,cmfpr6l370028xktonrhznq4i,cmfpr6fxq000exktosp6ikbk0
cmfpr6ok8003cxkto8a6l66zs,Sequi socius vinco. Celebrer chirographum verus velut ea cohors aureus stabilis officia. Appello tantum adulatio alter sulum neque abundans hic conspergo aureus.,cmfpr6l370028xktonrhznq4i,cmfpr6g6i000hxktogsrnxezc
cmfpr6onq003dxktowy38yz3c,Cultellus quas tabernus auctor spargo aeneus tremo. Apostolus cuppedia acidus trepide sumo caterva succurro. Viduo demulceo arguo arcesso.,cmfpr6l370028xktonrhznq4i,cmfpr6f5g0005xkto2h5xmwf4
cmfpr6p9f003lxktouokkdbw6,Trans cribro esse volup sit versus animadverto cum candidus armarium. Contigo tantillus iure. Cervus adeptio degenero terga statua ullus.,cmfpr6otx003fxktoctgri7ab,cmfpr6fes0008xktoz7djau1v
cmfpr6pca003mxktoymbh78hn,Valeo rem paulatim cogo vilitas arx vito conculco laudantium synagoga. Utpote creta tondeo vitium. Damno vulgivagus subito tertius.,cmfpr6otx003fxktoctgri7ab,cmfpr6gcd000jxktodhlf27ik
cmfpr6pf3003nxkto7tt9qx3k,Pecus vinculum cohibeo decumbo suppono. Voluptate aperiam thesis cibus triumphus. Surculus amplus censura.,cmfpr6otx003fxktoctgri7ab,cmfpr6gif000lxktot61rpkkw
cmfpr6phy003oxktogdmts95j,Administratio arca aperio delicate validus. Collum deprimo clementia solutio cedo. Vel vergo surgo subvenio antea coerceo adulatio conor.,cmfpr6otx003fxktoctgri7ab,cmfpr6fxq000exktosp6ikbk0
cmfpr6pkt003pxkto30sm99uu,Tonsor cubicularis cariosus apparatus ustilo cogito quos. Velociter crudelis collum est administratio suppellex. Repudiandae caelum casus decerno illo conscendo amoveo.,cmfpr6otx003fxktoctgri7ab,cmfpr6gl6000mxktov0h3lxwh
cmfpr6pny003qxktomk39ql7w,Adinventitias cribro inventore blanditiis tabella velut adnuo defendo. Vilicus tempora abstergo vociferor vulgaris dedico usitas. Acer clementia ter cimentarius deporto peior excepturi corpus acerbitas adhuc.,cmfpr6otx003fxktoctgri7ab,cmfpr6g0l000fxktog1f2ucn5
cmfpr6pqp003rxktoi5f89kxg,Tabesco conventus doloribus suppono ustilo demoror cupio recusandae suasoria mollitia. Sono adipiscor commodi. Curso vergo tutis vigilo aliquid antea despecto callide tempore.,cmfpr6otx003fxktoctgri7ab,cmfpr6fl4000axktouodmwltb
cmfpr6ptj003sxktokmev47cj,Statua audio attollo caste paens. Vinum adsidue urbs viridis ascisco carcer. Antea sumptus amiculum tabgo.,cmfpr6otx003fxktoctgri7ab,cmfpr6fo2000bxktoeiw16z83
cmfpr6qco003zxktondm158e3,Optio ventus eveniet theatrum fuga victus. Suffoco thorax corporis amor aliquam aspicio quas. Amissio tener trado inventore est tepidus.,cmfpr6ori003exkto616ds3xl,cmfpr6fxq000exktosp6ikbk0
cmfpr6qfk0040xktozuob04p4,Ara antiquus stella solutio collum ater vir vita. Ancilla viriliter conduco angelus alo iste. Repellat dolore depulso delicate compello vestigium auditor culpo pecus subseco.,cmfpr6ori003exkto616ds3xl,cmfpr6fes0008xktoz7djau1v
cmfpr6qih0041xkto1vuzzl45,Clementia caries autem coepi carpo. Tabgo ait adeo subiungo. Cras distinctio conqueror custodia talus talus curto victus.,cmfpr6ori003exkto616ds3xl,cmfpr6fl4000axktouodmwltb
cmfpr6qlu0042xktoub6ulo51,Cognomen peccatus universe soluta taceo clam. Pecus aedificium vulariter verus conor caelum temptatio. Provident cunabula capitulus totam auctor.,cmfpr6ori003exkto616ds3xl,cmfpr6gcd000jxktodhlf27ik
cmfpr6qot0043xktoyyygdek5,Creta curvo calamitas utrum bellicus nihil adnuo valde deleniti ocer. Solum thema curvo delibero. Vereor ratione chirographum inventore.,cmfpr6ori003exkto616ds3xl,cmfpr6fo2000bxktoeiw16z83
cmfpr6qrr0044xktoel1vpsdg,Creta accusantium delectatio adimpleo desparatus autem conscendo suscipit aegrus. Adversus uredo omnis vicinus color crustulum. Validus vinitor vestigium.,cmfpr6ori003exkto616ds3xl,cmfpr6gif000lxktot61rpkkw
cmfpr6r8p004axkto2ieodpje,Cuppedia vigor sapiente currus tempora damnatio sit bos celer. Absens claro celo umbra aegrotatio. Tempore pauper cultellus aliquam defungo dens somnus minima assentator.,cmfpr6owe003gxkto7nh05hhm,cmfpr6fes0008xktoz7djau1v
cmfpr6rbn004bxkto1eq9qzj2,Recusandae abundans toties caecus termes capillus deserunt tepesco amitto. Tricesimus vomica explicabo in corrumpo tabesco. Cito pel defetiscor cursus bibo facere illo.,cmfpr6owe003gxkto7nh05hhm,cmfpr6gcd000jxktodhlf27ik
cmfpr6reu004cxktodfmdjecv,Ocer tremo ullam amor catena. Provident speciosus aggero. Demulceo teneo cernuus solum tabesco animadverto altus.,cmfpr6owe003gxkto7nh05hhm,cmfpr6fo2000bxktoeiw16z83
cmfpr6rhk004dxktohaigeax7,Ascisco subnecto termes pax. Rem audentia desino vigor tertius vereor ambulo thymbra. Arca recusandae aperte ars eum tenus defendo.,cmfpr6owe003gxkto7nh05hhm,cmfpr6gif000lxktot61rpkkw
cmfpr6rke004exktok6yygm1r,Defleo comminor crustulum. Supplanto demo vir tristis vinum demoror dolor auditor porro. Tactus tutis tracto.,cmfpr6owe003gxkto7nh05hhm,cmfpr6fl4000axktouodmwltb
cmfpr6rn4004fxkto4d4yr48t,Spoliatio averto depraedor vindico defaeco ustulo corpus. Cimentarius ipsa conscendo uxor vetus torrens bardus. Cilicium bos tardus conduco tribuo iure commodo aetas tolero.,cmfpr6owe003gxkto7nh05hhm,cmfpr6fxq000exktosp6ikbk0
cmfpr6rpw004gxktosav87r86,Considero versus trepide accusamus. Vigilo uredo textilis. Sequi consequuntur uredo conculco usque ocer.,cmfpr6owe003gxkto7nh05hhm,cmfpr6g0l000fxktog1f2ucn5
cmfpr6rsw004hxktovwwedtj4,Cuius aureus depereo. Auxilium atrox maxime balbus nemo acidus sufficio maiores conor. Paens facilis corrumpo amplus.,cmfpr6owe003gxkto7nh05hhm,cmfpr6gl6000mxktov0h3lxwh
cmfpr6sb5004nxkto4fho927m,Decimus enim tertius voro aliquid utrimque aqua. Acidus qui averto auctus pectus. Porro aestivus cornu nemo caterva.,cmfpr6oyp003hxktoy84nkwm5,cmfpr6fxq000exktosp6ikbk0
cmfpr6sdu004oxkto2t97cx76,Suscipio subvenio vigor adnuo non eius cum defendo. Sint calamitas coerceo avarus depono censura laboriosam. Creber apostolus desipio officiis absorbeo mollitia adimpleo tepesco communis sit.,cmfpr6oyp003hxktoy84nkwm5,cmfpr6fo2000bxktoeiw16z83
cmfpr6sgk004pxktotxatrkkj,Colo maxime adeptio. Traho carpo decor argumentum caelum. Subnecto terminatio spero utroque nihil cognatus tego.,cmfpr6oyp003hxktoy84nkwm5,cmfpr6fes0008xktoz7djau1v
cmfpr6sjl004qxktorbgu1h5y,Minima facere debitis consequatur vinum incidunt verto terreo super. Aperio molestias accedo usque. Admoneo adficio terminatio conqueror molestiae dedico volubilis.,cmfpr6oyp003hxktoy84nkwm5,cmfpr6fl4000axktouodmwltb
cmfpr6smi004rxktotdifwyeh,Degusto cibo tracto debitis ex error debeo vir. Deleniti unde vulnus canis volaticus sollicito. Harum repellat eaque.,cmfpr6oyp003hxktoy84nkwm5,cmfpr6g0l000fxktog1f2ucn5
cmfpr6sp4004sxkto5b34jgoq,Utrimque patrocinor appello. Terminatio comminor adaugeo. Absconditus audeo et totam caste aveho appositus suscipit.,cmfpr6oyp003hxktoy84nkwm5,cmfpr6gif000lxktot61rpkkw
cmfpr6tbn0050xktoiyw6mk8h,Attero incidunt apparatus rem. Impedit velut trado cibus at patior terra enim valeo autem. Acer unde sperno vulgo vacuus amiculum vir urbs suscipio demo.,cmfpr6ssl004txktof7lk4pvt,cmfpr6frd000cxkto7hgp3ywy
cmfpr6ten0051xktoetynhpfm,Credo textilis atque cetera bardus conitor quo vester. Adfero aut cena vilicus. Demoror acervus culpa suppellex cena conculco torqueo ut ter vallum.,cmfpr6ssl004txktof7lk4pvt,cmfpr6fo2000bxktoeiw16z83
cmfpr6thm0052xkto055iqhsb,Carcer molestias natus temeritas decet. Clarus accusamus acer. Adhuc aegrus vulnero tollo expedita quos bellicus delinquo clibanus vir.,cmfpr6ssl004txktof7lk4pvt,cmfpr6g6i000hxktogsrnxezc
cmfpr6tkj0053xkto9dspnr7g,Vigor aeternus auctus crastinus caelestis creta advenio tredecim addo. Bibo stips concedo cogito concedo tepesco eligendi verbera suus degenero. Vinco deludo exercitationem stips amo caecus bis tremo officiis.,cmfpr6ssl004txktof7lk4pvt,cmfpr6fbn0007xktoeypnqnxh
cmfpr6tnh0054xktotjtbt4mm,Amplitudo quaerat defessus veritas amplexus. Modi officia convoco coaegresco clibanus tubineus alii. Corporis porro traho corona reprehenderit ascisco concedo necessitatibus.,cmfpr6ssl004txktof7lk4pvt,cmfpr6fl4000axktouodmwltb
cmfpr6tqa0055xktom2te0ohw,Aeger conservo deripio claudeo labore carmen tres annus. Tricesimus voluptate sui aggero ocer benevolentia. Vomito taedium viriliter dedecor depulso angulus aequitas cum.,cmfpr6ssl004txktof7lk4pvt,cmfpr6f8t0006xkto28wowtfn
cmfpr6u3s0059xktodh88aqe6,Defaeco adimpleo carcer agnitio culpa sol varietas itaque tempora. Blandior tantum bibo voluptatum corrumpo. Casus carmen solvo vinum addo talis copiose copia vix cuppedia.,cmfpr6sv2004uxktovng3sfm4,cmfpr6f5g0005xkto2h5xmwf4
cmfpr6u6i005axktofp0q6h8j,Cursus amet asperiores appello aedificium casus totidem tot. Acidus pectus vergo. Aro adaugeo talis voluptatem calcar comburo vehemens aliquid deripio adhuc.,cmfpr6sv2004uxktovng3sfm4,cmfpr6frd000cxkto7hgp3ywy
cmfpr6u9c005bxktohedubyuj,Tubineus cohors solium territo sursum turba cui contabesco creber. Incidunt decens eos sum. Spargo vitiosus aetas delinquo degero subiungo turbo casso terebro corroboro.,cmfpr6sv2004uxktovng3sfm4,cmfpr6g6i000hxktogsrnxezc
cmfpr6ucj005cxktow1w6ve7o,Appositus attero despecto. Quibusdam voluptas cinis tredecim magnam voluptatibus vinum. Antiquus antea ventito tum vestrum.,cmfpr6sv2004uxktovng3sfm4,cmfpr6fo2000bxktoeiw16z83
cmfpr6ufx005dxktomqkw20hp,Creo labore adduco supplanto depono arto incidunt atrox. Suus paulatim distinctio est expedita crinis accusator usus validus. Derideo demum apparatus sperno decens brevis sortitus.,cmfpr6sv2004uxktovng3sfm4,cmfpr6f8t0006xkto28wowtfn
cmfpr6uip005exktoh0jkjsjn,Voluptatum inflammatio coepi defetiscor commemoro soleo. Bos teres correptius claustrum. Creber cometes corrigo venustas adhaero vae auxilium.,cmfpr6sv2004uxktovng3sfm4,cmfpr6fl4000axktouodmwltb
cmfpr6uld005fxktomarc786t,Cui cruciamentum color circumvenio debitis tempora balbus accusamus solus. Artificiose vita toties aeneus. Spectaculum supellex verbum caries.,cmfpr6sv2004uxktovng3sfm4,cmfpr6fbn0007xktoeypnqnxh
cmfpr6v1q005lxktoet9tjgct,Vox utroque tutamen victoria spiritus. Pecus decet tricesimus subseco coepi viridis titulus iusto uberrime. Textor ancilla patior combibo adfero at attero similique reprehenderit.,cmfpr6sx9004vxktonhw2xrco,cmfpr6frd000cxkto7hgp3ywy
cmfpr6v4f005mxktoq3beuufp,Denego canonicus tamquam tertius vesper conturbo surgo sonitus delibero. Explicabo esse coniuratio corpus. Triduana terebro defetiscor adflicto dapifer thymbra omnis quasi sordeo.,cmfpr6sx9004vxktonhw2xrco,cmfpr6fo2000bxktoeiw16z83
cmfpr6v71005nxkto8g93bbm8,Tyrannus aequitas aperio voluntarius consequuntur alius deficio. Eaque repudiandae timidus vestrum adfero viduo abstergo arca. Accedo amet casus statim.,cmfpr6sx9004vxktonhw2xrco,cmfpr6fbn0007xktoeypnqnxh
cmfpr6v9y005oxktowsd3447y,Crux claustrum cernuus barba aeger argumentum cicuta claudeo. Speciosus talio sufficio vicinus subito viriliter amita vita soleo. Audacia eius accusamus desolo balbus acsi baiulus amicitia.,cmfpr6sx9004vxktonhw2xrco,cmfpr6fl4000axktouodmwltb
cmfpr6vcm005pxkto40b87yl6,Crustulum curtus aeternus nemo acidus taedium. Tergeo sto ancilla caterva pax decimus. Tam demo casso decipio adinventitias.,cmfpr6sx9004vxktonhw2xrco,cmfpr6f8t0006xkto28wowtfn
cmfpr6vfd005qxktop8n6wvrs,Capillus tempus odio amet crepusculum. Aureus vomer tenax patrocinor vulticulus creber voluntarius. Damnatio titulus somniculosus mollitia eligendi compono.,cmfpr6sx9004vxktonhw2xrco,cmfpr6g6i000hxktogsrnxezc
cmfpr6w32005zxkto5d43zq59,Vulgaris ait patria terminatio cauda. Tenus harum acceptus vinitor dolores aer aegre aperio. Id synagoga asper pel sunt defluo carbo quis ventito.,cmfpr6vi5005rxktoy5mwyrsa,cmfpr6gfi000kxktocgwv41lm
cmfpr6w670060xktozwrdi0k5,Tametsi acer alii utrum balbus tum coerceo benevolentia bene. Astrum denuo vita textor campana tamdiu claro. Color pax carmen totus eius cultellus utroque accusamus curatio.,cmfpr6vi5005rxktoy5mwyrsa,cmfpr6fhp0009xkto2jwdc8tl
cmfpr6w910061xktoz2vs8qy1,Cribro tricesimus sophismata complectus utpote cribro. Iure deserunt vorago tricesimus quia decet somnus solio substantia. Strues comedo vix.,cmfpr6vi5005rxktoy5mwyrsa,cmfpr6gl6000mxktov0h3lxwh
cmfpr6wcb0062xktofy71s434,Aqua similique ait vester decumbo. Excepturi delectatio canonicus deserunt vel nam virtus tergeo asperiores cometes. Ascisco accusator altus cognatus cognomen via corrumpo trado adipisci.,cmfpr6vi5005rxktoy5mwyrsa,cmfpr6gqu000oxktomdcel4zh
cmfpr6wg20063xktovptvqbtm,Compono vestigium vomica appono cura laborum solvo succedo delicate. Adeo vociferor ubi esse vitiosus laborum. Corporis certus magni temperantia dolor cras vivo occaecati.,cmfpr6vi5005rxktoy5mwyrsa,cmfpr6fes0008xktoz7djau1v
cmfpr6wjz0064xktolrsa0jmm,Administratio auctus socius careo patruus. Clamo consectetur abduco annus. Abstergo aeternus beatae via compello tametsi vitae tergum.,cmfpr6vi5005rxktoy5mwyrsa,cmfpr6gcd000jxktodhlf27ik
cmfpr6x45006bxktoxfzxzdbp,Toties iusto maiores. Tutamen volo demoror decipio ascisco thalassinus vomito abundans ultra subito. Tibi recusandae causa cura viduo defluo tracto modi victoria.,cmfpr6vl6005sxkto2dq51qam,cmfpr6gqu000oxktomdcel4zh
cmfpr6x72006cxktotgr2szo5,Desipio alienus minus asporto spiritus aegrotatio color. Officia callide aspicio cubitum caries brevis despecto comedo congregatio. Autem tamquam color asper tabgo in termes basium.,cmfpr6vl6005sxkto2dq51qam,cmfpr6gfi000kxktocgwv41lm
cmfpr6xa5006dxktoyzqddm63,Attero conservo vel thorax quia celo decipio. Arcesso possimus aestus torrens. Casus defero uberrime addo inventore sursum abeo spero conqueror.,cmfpr6vl6005sxkto2dq51qam,cmfpr6fhp0009xkto2jwdc8tl
cmfpr6xd6006exktofbs8nhln,Debilito quaerat speciosus aveho culpo territo facere caste defendo. Deripio adiuvo decimus compello alter. Virga carus decens dolores baiulus demo optio turpis deduco reiciendis.,cmfpr6vl6005sxkto2dq51qam,cmfpr6fes0008xktoz7djau1v
cmfpr6xgg006fxktottu3jvjk,Blanditiis minus consuasor. Unus claustrum cado tui. Capitulus delego spargo callide statua sortitus aperio degero viduo velociter.,cmfpr6vl6005sxkto2dq51qam,cmfpr6gl6000mxktov0h3lxwh
cmfpr6xjx006gxktosgx687ew,Est tendo reiciendis. Accedo peior bellum trucido clarus abduco tyrannus quaerat claustrum. Concido denique caterva astrum caute desolo cohibeo animi vulgivagus.,cmfpr6vl6005sxkto2dq51qam,cmfpr6gcd000jxktodhlf27ik
cmfpr6y55006lxkto68406q4x,Pauper summisse summisse ulterius succedo debeo adhuc considero strenuus. Suus tenax patruus cura. Modi arto colligo stultus sono.,cmfpr6vng005txktosii9fdd4,cmfpr6gl6000mxktov0h3lxwh
cmfpr6yan006mxktorwo6c308,Comminor vestigium careo supra bis. Censura crux quo cresco aspernatur iste tergiversatio. Verumtamen theca nisi utroque attollo.,cmfpr6vng005txktosii9fdd4,cmfpr6fhp0009xkto2jwdc8tl
cmfpr6ygc006nxkto5wgrlu7n,Cognatus asper una antepono quas vinco. Tenus supellex voluptates talis adamo adhaero ascisco odit. Suspendo asporto angelus beneficium curto solitudo conatus nisi urbs concido.,cmfpr6vng005txktosii9fdd4,cmfpr6gcd000jxktodhlf27ik
cmfpr6yjs006oxkto7tc7kbs6,Cavus tametsi atavus ea deripio agnosco. Crepusculum decumbo valeo tolero aut. Cometes tergiversatio denuncio volup stipes.,cmfpr6vng005txktosii9fdd4,cmfpr6fes0008xktoz7djau1v
cmfpr6ynv006pxkto2oyvkvbe,Possimus blanditiis ambitus decet beatus absum tondeo cui triumphus. Saepe talio voluntarius iure. Assentator accedo atavus dolor.,cmfpr6vng005txktosii9fdd4,cmfpr6gfi000kxktocgwv41lm
cmfpr6yrw006qxktotroaeen9,Comis desparatus spero volva creta tredecim vivo succedo volup. Eveniet cena ademptio doloribus sonitus. Subseco aestivus sumo quia magnam alo tamisium aut.,cmfpr6vng005txktosii9fdd4,cmfpr6gqu000oxktomdcel4zh